INSERT INTO supermercado VALUES (1, 'Algés', 'Praceta Prof. Alfredo de Sousa', '1495-241 Algés');
INSERT INTO supermercado VALUES (2, 'Porto', 'Rua de Fernandes Tomás', '4000-208 Porto');
INSERT INTO supermercado VALUES (3, 'Aveiro', 'Estrada da Taboeira', '3800-000 Esgueira');

INSERT INTO totalMensal VALUES (03, 2020, 1, 0);
INSERT INTO totalMensal VALUES (04, 2020, 1, 5);
INSERT INTO totalMensal VALUES (05, 2020, 1, 20);
INSERT INTO totalMensal VALUES (03, 2020, 2, 1);
INSERT INTO totalMensal VALUES (04, 2020, 2, 3);
INSERT INTO totalMensal VALUES (05, 2020, 2, 5.5);
INSERT INTO totalMensal VALUES (03, 2020, 3, 0);
INSERT INTO totalMensal VALUES (04, 2020, 3, 10);
INSERT INTO totalMensal VALUES (05, 2020, 3, 11);

INSERT INTO armazem VALUES (1, 1, 100, 0);
INSERT INTO armazem VALUES (1, 2, 400, 0);
INSERT INTO armazem VALUES (1, 3, 200, 0);
INSERT INTO armazem VALUES (2, 1, 100, 0);
INSERT INTO armazem VALUES (2, 2, 200, 0);
INSERT INTO armazem VALUES (2, 3, 300, 0);
INSERT INTO armazem VALUES (3, 1, 700, 0);
INSERT INTO armazem VALUES (3, 2, 700, 0);
INSERT INTO armazem VALUES (3, 3, 300, 0);

INSERT INTO pessoa VALUES (194448029, 'Caio Goncalves Ribeiro', 25);
INSERT INTO pessoa VALUES (189397470, 'Vitor Martins', 63);
INSERT INTO pessoa VALUES (147783437, 'Samuel Ferreira Melo', 52);
INSERT INTO pessoa VALUES (182627470, 'Rodrigo Gomes Sousa', 23);
INSERT INTO pessoa VALUES (134605608, 'Enzo Pereira Rocha', 55);
INSERT INTO pessoa VALUES (135835283, 'José Goncalves Gomes', 32);
INSERT INTO pessoa VALUES (179465104, 'Diego Dias Ferreira', 41);
INSERT INTO pessoa VALUES (160044103, 'Carlos Cardoso Araujo', 57);
INSERT INTO pessoa VALUES (185965598, 'Erick Castro Barbosa', 29);
INSERT INTO pessoa VALUES (176965598, 'Arthur Pereira Barbosa', 40);
INSERT INTO pessoa VALUES (105410071, 'Júlio Souza Cavalcanti', 32);
INSERT INTO pessoa VALUES (123456789, 'João Ricardo Fazeres', 41);
INSERT INTO pessoa VALUES (234567890, 'Odete Silva', 65);
INSERT INTO pessoa VALUES (106243420, 'Rafaela Carvalho Rodrigues', 31);
INSERT INTO pessoa VALUES (194712524, 'Tomás Melo Correia', 53);
INSERT INTO pessoa VALUES (174319681, 'José Almeida Fernandes', 37);
INSERT INTO pessoa VALUES (173635300, 'José Dias Lima', 22);
INSERT INTO pessoa VALUES (189003855, 'Breno Martins Barrosa', 18);
INSERT INTO pessoa VALUES (192213512, 'Pedro Pereira Cardoso', 66);
INSERT INTO pessoa VALUES (162546564, 'Samuel Sousa Lima', 46);
INSERT INTO pessoa VALUES (188918450, 'Luis Santos Rodrigues', 42);
INSERT INTO pessoa VALUES (126780870, 'Beatriz Castro Carvalho', 67);
INSERT INTO pessoa VALUES (128498331, 'Bruna Barbosa Azevedo', 23);
INSERT INTO pessoa VALUES (120558165, 'Tânia Carvalho Araujo', 34);
INSERT INTO pessoa VALUES (167749510, 'Leonor Castro Araujo', 60);
INSERT INTO pessoa VALUES (190316764, 'Mariana Martins Pinto', 15);
INSERT INTO pessoa VALUES (115073450, 'Gabriela Araujo Santos', 22);
INSERT INTO pessoa VALUES (128291400, 'Bianca Azevedo Dias', 40);
INSERT INTO pessoa VALUES (155297597, 'Julia Araujo Alves', 49);
INSERT INTO pessoa VALUES (185233368, 'Vitória Goncalves Rodrigues', 54);
INSERT INTO pessoa VALUES (279221177, 'Leonor Melo Barbosa', 21);
INSERT INTO pessoa VALUES (203004140, 'Isabel Silva Costa', 42);
INSERT INTO pessoa VALUES (230471277, 'David Melo Carvalho', 31);
INSERT INTO pessoa VALUES (193463989, 'Lucas Azevedo Santos', 29);
INSERT INTO pessoa VALUES (156378671, 'Marina Oliveira Silva', 37);
INSERT INTO pessoa VALUES (153772417, 'Matilde Costa Melo', 45);
INSERT INTO pessoa VALUES (190587121, 'Marcos Almeida Barros', 37);
INSERT INTO pessoa VALUES (270228934, 'José Gonçalves Ferreira', 19);
INSERT INTO pessoa VALUES (285692224, 'Sara Rocha Ribeiro', 21);
INSERT INTO pessoa VALUES (131053280, 'Carolina Cardoso Sousa', 45);
INSERT INTO pessoa VALUES (161054161, 'Caio Fernandes Cardoso', 46);
INSERT INTO pessoa VALUES (148637884, 'Eduarda Gomes Alves', 61);
INSERT INTO pessoa VALUES (178400360, 'Camila Lima Martins', 59);
INSERT INTO pessoa VALUES (188100768, 'Arthur Rodrigues Barros', 46);
INSERT INTO pessoa VALUES (184389119, 'Leonardo Dias Sousa', 27);
INSERT INTO pessoa VALUES (170683052, 'Carlos Santos Rocha', 28);
INSERT INTO pessoa VALUES (153416653, 'Beatriz Ribeiro Barros', 23);
INSERT INTO pessoa VALUES (146220358, 'Mateus Pereira Melo', 64);
INSERT INTO pessoa VALUES (196754534, 'Melissa Rocha Correia', 66);
INSERT INTO pessoa VALUES (136092179, 'Carolina Azevedo Barros', 59);
INSERT INTO pessoa VALUES (209848715, 'Pedro Melo Sousa', 60);
INSERT INTO pessoa VALUES (281584729, 'Júlia Castro Dias', 25);
INSERT INTO pessoa VALUES (243967500, 'Caio Castro Costa', 18);
INSERT INTO pessoa VALUES (264441850, 'Tiago Correia Barros', 36);
INSERT INTO pessoa VALUES (262155680, 'Samuel Melo Goncalves', 64);
INSERT INTO pessoa VALUES (158657683, 'João Fernandes Azevedo', 40);
INSERT INTO pessoa VALUES (144696975, 'Isabela Castro Pereira', 24);
INSERT INTO pessoa VALUES (156597268, 'Letícia Almeida Sousa', 37);
INSERT INTO pessoa VALUES (169317773, 'Samuel Carvalho Ferreira', 29);
INSERT INTO pessoa VALUES (153504102, 'Douglas Pereira Barbosa', 19);
INSERT INTO pessoa VALUES (216166845, 'Melissa Azevedo Dias', 20);
INSERT INTO pessoa VALUES (217260900, 'Nicole Melo Martins', 45);
INSERT INTO pessoa VALUES (280458894, 'Ágata Melo Lima', 46);
INSERT INTO pessoa VALUES (215647602, 'Leonor Fernandes Correia', 26);
INSERT INTO pessoa VALUES (232981507, 'Danilo Santos Castro', 23);
INSERT INTO pessoa VALUES (270764836, 'Leonardo Silva Sousa', 45);
INSERT INTO pessoa VALUES (233172416, 'Vitór Lima Pinto', 83);
INSERT INTO pessoa VALUES (286904985, 'Lara Souza Azevedo', 18);
INSERT INTO pessoa VALUES (173560458, 'Fernanda Araujo Rodrigues', 65);
INSERT INTO pessoa VALUES (150164807, 'Marisa Silva Ribeiro', 58);
INSERT INTO pessoa VALUES (137994656, 'Beatriz Gomes Alves', 29);
INSERT INTO pessoa VALUES (134710550, 'Artur Dias Barbosa', 68);
INSERT INTO pessoa VALUES (125348347, 'Fábio Cavalcanti Silva', 28);
INSERT INTO pessoa VALUES (113675658, 'Miguel Oliveira Martins', 59);
INSERT INTO pessoa VALUES (159850410, 'Isabella Lima Dias', 32);
INSERT INTO pessoa VALUES (143192302, 'Rebeca Araujo Alves', 36);
INSERT INTO pessoa VALUES (137218559, 'Pedro Gomes Pereira', 48);
INSERT INTO pessoa VALUES (190415401, 'Sofia Dias Correia', 19);
INSERT INTO pessoa VALUES (188288147, 'Luís Barbosa Lima', 37);
INSERT INTO pessoa VALUES (106457292, 'Luís Carvalho Barbosa', 81);
INSERT INTO pessoa VALUES (115377603, 'Júlia Goncalves Fernandes', 71);
INSERT INTO pessoa VALUES (142988863, 'António Rodrigues Azevedo', 82);
INSERT INTO pessoa VALUES (198867786, 'Fernanda Oliveira Cardoso', 48);
INSERT INTO pessoa VALUES (180231588, 'Daniel Lima Barbosa', 68);
INSERT INTO pessoa VALUES (198835329, 'Bruno Rocha Cunha', 52);
INSERT INTO pessoa VALUES (203526597, 'Luís Correia Cardoso', 51);
INSERT INTO pessoa VALUES (233240900, 'Guilherme Pinto Melo', 83);
INSERT INTO pessoa VALUES (226097269, 'Sara Pereira Carvalho', 47);
INSERT INTO pessoa VALUES (214647285, 'Rodrigo Cunha Correia', 57);
INSERT INTO pessoa VALUES (200371169, 'Alexandre Pereira Santos', 71);
INSERT INTO pessoa VALUES (214482723, 'Martim Rocha Rodrigues', 28);
INSERT INTO pessoa VALUES (297080059, 'Carlos Pereira Araujo', 38);
INSERT INTO pessoa VALUES (159825202, 'Eduarda Pinto Gomes', 91);
INSERT INTO pessoa VALUES (123749786, 'Sofia Gomes Silva', 74);
INSERT INTO pessoa VALUES (102795886, 'Brenda Almeida Azevedo', 28);
INSERT INTO pessoa VALUES (125544650, 'Miguel Augusto Marques da Silva', 19);
INSERT INTO pessoa VALUES (176906800, 'Daniel Carvalho Silva', 17);
INSERT INTO pessoa VALUES (121934101, 'Mateus Rodrigues Oliveira', 21);
INSERT INTO pessoa VALUES (140000453, 'Bruna Martins Gomes', 48);
INSERT INTO pessoa VALUES (171316770, 'Lara Silva Araújo', 46);

INSERT INTO fornecedor VALUES (194448029, 918564738, 'caioribeiro@gmail.com');
INSERT INTO fornecedor VALUES (189397470, 961641605, 'vitormartins@gmail.com');
INSERT INTO fornecedor VALUES (147783437, 917483928, 'samuelfmelo@gmail.com');
INSERT INTO fornecedor VALUES (182627470, 963759183, 'rsousa@gmail.com');
INSERT INTO fornecedor VALUES (134605608, 928574830, 'enzorocha@gmail.com');
INSERT INTO fornecedor VALUES (135835283, 962840495, 'josegg@gmail.com');
INSERT INTO fornecedor VALUES (179465104, 918750595, 'ddferreira@gmail.com');
INSERT INTO fornecedor VALUES (160044103, 937494209, 'ccardosoaraujo@gmail.com');
INSERT INTO fornecedor VALUES (185965598, 926963687, 'erickb@gmail.com');
INSERT INTO fornecedor VALUES (176965598, 918976324, 'arthurbarbosa@gmail.com');
INSERT INTO fornecedor VALUES (105410071, 961839573, 'jscavalcanti@gmail.com');
INSERT INTO fornecedor VALUES (209848715, 917481281, 'pedromsousa@gmail.com');
INSERT INTO fornecedor VALUES (281584729, 927417321, 'judias@gmail.com');
INSERT INTO fornecedor VALUES (243967500, 963731781, 'caiocosta@gmail.com');
INSERT INTO fornecedor VALUES (264441850, 918481832, 'tiagocorreiab@gmail.com');
INSERT INTO fornecedor VALUES (262155680, 963161237, 'samugoncalves@gmail.com');
INSERT INTO fornecedor VALUES (158657683, 933174274, 'joaoazevedo@gmail.com');
INSERT INTO fornecedor VALUES (144696975, 913427428, 'isabelacp@gmail.com');
INSERT INTO fornecedor VALUES (156597268, 918747172, 'leticiaasousa@gmail.com');
INSERT INTO fornecedor VALUES (169317773, 917481284, 'samuelcf@gmail.com');
INSERT INTO fornecedor VALUES (153504102, 936692848, 'douglasbarbosa@gmail.com');

INSERT INTO cliente VALUES (106243420, 912573983);
INSERT INTO cliente VALUES (194712524, 927859492);
INSERT INTO cliente VALUES (174319681, 931748149);
INSERT INTO cliente VALUES (173635300, 968481381);
INSERT INTO cliente VALUES (189003855, 931847128);
INSERT INTO cliente VALUES (192213512, 927481843);
INSERT INTO cliente VALUES (162546564, 918428725);
INSERT INTO cliente VALUES (188918450, 963312717);
INSERT INTO cliente VALUES (126780870, 937527747);
INSERT INTO cliente VALUES (128498331, 914871354);
INSERT INTO cliente VALUES (120558165, 963128747);
INSERT INTO cliente VALUES (167749510, 938581484);
INSERT INTO cliente VALUES (190316764, 914424328);
INSERT INTO cliente VALUES (115073450, 924742842);
INSERT INTO cliente VALUES (128291400, 911284777);
INSERT INTO cliente VALUES (155297597, 924445513);
INSERT INTO cliente VALUES (185233368, 917471474);
INSERT INTO cliente VALUES (279221177, 924848717);
INSERT INTO cliente VALUES (203004140, 924717123);
INSERT INTO cliente VALUES (230471277, 918481482);
INSERT INTO cliente VALUES (193463989, 961284183);
INSERT INTO cliente VALUES (156378671, 918481283);
INSERT INTO cliente VALUES (153772417, 928581731);
INSERT INTO cliente VALUES (190587121, 963714821);
INSERT INTO cliente VALUES (270228934, 913471722);
INSERT INTO cliente VALUES (285692224, 961737123);
INSERT INTO cliente VALUES (131053280, 924752721);
INSERT INTO cliente VALUES (161054161, 963717174);
INSERT INTO cliente VALUES (148637884, 913481278);
INSERT INTO cliente VALUES (178400360, 924817347);
INSERT INTO cliente VALUES (188100768, 912485812);
INSERT INTO cliente VALUES (184389119, 961737123);
INSERT INTO cliente VALUES (170683052, 927417461);
INSERT INTO cliente VALUES (153416653, 962476173);
INSERT INTO cliente VALUES (146220358, 914774731);
INSERT INTO cliente VALUES (196754534, 932174717);
INSERT INTO cliente VALUES (136092179, 924857173);
INSERT INTO cliente VALUES (209848715, 917474327);
INSERT INTO cliente VALUES (281584729, 937171473);
INSERT INTO cliente VALUES (243967500, 937547611);
INSERT INTO cliente VALUES (264441850, 962736172);
INSERT INTO cliente VALUES (262155680, 914843061);
INSERT INTO cliente VALUES (158657683, 910254153);
INSERT INTO cliente VALUES (144696975, 924128383);
INSERT INTO cliente VALUES (156597268, 963717317);
INSERT INTO cliente VALUES (169317773, 928471834);
INSERT INTO cliente VALUES (153504102, 925898194);
INSERT INTO cliente VALUES (216166845, 938578173);
INSERT INTO cliente VALUES (217260900, 918374721);
INSERT INTO cliente VALUES (280458894, 918458281);
INSERT INTO cliente VALUES (215647602, 928483813);
INSERT INTO cliente VALUES (232981507, 937472181);
INSERT INTO cliente VALUES (270764836, 934871278);
INSERT INTO cliente VALUES (233172416, 961834172);
INSERT INTO cliente VALUES (286904985, 923292323);
INSERT INTO cliente VALUES (173560458, 938274713);
INSERT INTO cliente VALUES (150164807, 919274713);
INSERT INTO cliente VALUES (137994656, 968381722);
INSERT INTO cliente VALUES (134710550, 918482711);
INSERT INTO cliente VALUES (125348347, 924858718);
INSERT INTO cliente VALUES (113675658, 934818238);
INSERT INTO cliente VALUES (159850410, 913847481);
INSERT INTO cliente VALUES (143192302, 921321743);
INSERT INTO cliente VALUES (137218559, 912348443);
INSERT INTO cliente VALUES (190415401, 918474731);
INSERT INTO cliente VALUES (188288147, 923837421);
INSERT INTO cliente VALUES (106457292, 967371323);
INSERT INTO cliente VALUES (115377603, 938174731);
INSERT INTO cliente VALUES (142988863, 938585721);
INSERT INTO cliente VALUES (198867786, 961834731);
INSERT INTO cliente VALUES (180231588, 918284832);
INSERT INTO cliente VALUES (198835329, 929485742);
INSERT INTO cliente VALUES (203526597, 938747173);
INSERT INTO cliente VALUES (233240900, 918374742);
INSERT INTO cliente VALUES (226097269, 968371712);
INSERT INTO cliente VALUES (214647285, 967163464);
INSERT INTO cliente VALUES (200371169, 931727476);
INSERT INTO cliente VALUES (214482723, 918384557);
INSERT INTO cliente VALUES (297080059, 918385752);
INSERT INTO cliente VALUES (159825202, 929847472);
INSERT INTO cliente VALUES (123749786, 937575731);
INSERT INTO cliente VALUES (102795886, 961644723);
INSERT INTO cliente VALUES (125544650, 917463472);
INSERT INTO cliente VALUES (176906800, 927472732);
INSERT INTO cliente VALUES (121934101, 969991231);
INSERT INTO cliente VALUES (140000453, 967164622);
INSERT INTO cliente VALUES (171316770, 918487212);
INSERT INTO cliente VALUES (194448029, 928474756);
INSERT INTO cliente VALUES (189397470, 937573712);
INSERT INTO cliente VALUES (147783437, 961736461);
INSERT INTO cliente VALUES (182627470, 914757172);
INSERT INTO cliente VALUES (134605608, 924757712);
INSERT INTO cliente VALUES (135835283, 938457172);
INSERT INTO cliente VALUES (179465104, 961847572);
INSERT INTO cliente VALUES (160044103, 918374743);
INSERT INTO cliente VALUES (185965598, 928478572);
INSERT INTO cliente VALUES (176965598, 933841723);
INSERT INTO cliente VALUES (105410071, 913874746);
INSERT INTO cliente VALUES (123456789, 925857293);
INSERT INTO cliente VALUES (234567890, 968173745);


INSERT INTO cartaoCliente VALUES (106243420, 100);
INSERT INTO cartaoCliente VALUES (194712524, 0);
INSERT INTO cartaoCliente VALUES (174319681, 0);
INSERT INTO cartaoCliente VALUES (173635300, 0);
INSERT INTO cartaoCliente VALUES (189003855, 0);
INSERT INTO cartaoCliente VALUES (192213512, 0);
INSERT INTO cartaoCliente VALUES (162546564, 0);
INSERT INTO cartaoCliente VALUES (188918450, 0);
INSERT INTO cartaoCliente VALUES (126780870, 0);
INSERT INTO cartaoCliente VALUES (128498331, 0);
INSERT INTO cartaoCliente VALUES (120558165, 0);
INSERT INTO cartaoCliente VALUES (167749510, 0);
INSERT INTO cartaoCliente VALUES (190316764, 0);
INSERT INTO cartaoCliente VALUES (115073450, 0);
INSERT INTO cartaoCliente VALUES (128291400, 0);
INSERT INTO cartaoCliente VALUES (155297597, 0);
INSERT INTO cartaoCliente VALUES (185233368, 0);
INSERT INTO cartaoCliente VALUES (279221177, 0);
INSERT INTO cartaoCliente VALUES (203004140, 0);
INSERT INTO cartaoCliente VALUES (230471277, 0);
INSERT INTO cartaoCliente VALUES (193463989, 0);
INSERT INTO cartaoCliente VALUES (156378671, 0);
INSERT INTO cartaoCliente VALUES (153772417, 0);
INSERT INTO cartaoCliente VALUES (190587121, 0);
INSERT INTO cartaoCliente VALUES (270228934, 0);
INSERT INTO cartaoCliente VALUES (285692224, 0);
INSERT INTO cartaoCliente VALUES (131053280, 0);
INSERT INTO cartaoCliente VALUES (161054161, 0);
INSERT INTO cartaoCliente VALUES (148637884, 0);
INSERT INTO cartaoCliente VALUES (178400360, 0);
INSERT INTO cartaoCliente VALUES (188100768, 0);
INSERT INTO cartaoCliente VALUES (184389119, 0);
INSERT INTO cartaoCliente VALUES (170683052, 0);
INSERT INTO cartaoCliente VALUES (153416653, 0);
INSERT INTO cartaoCliente VALUES (146220358, 0);
INSERT INTO cartaoCliente VALUES (196754534, 0);
INSERT INTO cartaoCliente VALUES (136092179, 0);
INSERT INTO cartaoCliente VALUES (209848715, 0);
INSERT INTO cartaoCliente VALUES (281584729, 0);
INSERT INTO cartaoCliente VALUES (243967500, 0);
INSERT INTO cartaoCliente VALUES (264441850, 0);
INSERT INTO cartaoCliente VALUES (262155680, 0);
INSERT INTO cartaoCliente VALUES (158657683, 0);
INSERT INTO cartaoCliente VALUES (144696975, 0);
INSERT INTO cartaoCliente VALUES (156597268, 0);
INSERT INTO cartaoCliente VALUES (169317773, 0);
INSERT INTO cartaoCliente VALUES (153504102, 0);
INSERT INTO cartaoCliente VALUES (216166845, 0);
INSERT INTO cartaoCliente VALUES (217260900, 0);
INSERT INTO cartaoCliente VALUES (280458894, 0);
INSERT INTO cartaoCliente VALUES (215647602, 0);
INSERT INTO cartaoCliente VALUES (232981507, 0);
INSERT INTO cartaoCliente VALUES (270764836, 0);
INSERT INTO cartaoCliente VALUES (233172416, 0);
INSERT INTO cartaoCliente VALUES (286904985, 0);
INSERT INTO cartaoCliente VALUES (173560458, 0);
INSERT INTO cartaoCliente VALUES (150164807, 0);
INSERT INTO cartaoCliente VALUES (137994656, 0);
INSERT INTO cartaoCliente VALUES (134710550, 0);
INSERT INTO cartaoCliente VALUES (125348347, 0);
INSERT INTO cartaoCliente VALUES (113675658, 0);
INSERT INTO cartaoCliente VALUES (159850410, 0);
INSERT INTO cartaoCliente VALUES (143192302, 0);
INSERT INTO cartaoCliente VALUES (137218559, 0);
INSERT INTO cartaoCliente VALUES (190415401, 0);
INSERT INTO cartaoCliente VALUES (188288147, 0);
INSERT INTO cartaoCliente VALUES (106457292, 0);
INSERT INTO cartaoCliente VALUES (115377603, 0);
INSERT INTO cartaoCliente VALUES (142988863, 0);
INSERT INTO cartaoCliente VALUES (198867786, 0);
INSERT INTO cartaoCliente VALUES (180231588, 0);
INSERT INTO cartaoCliente VALUES (198835329, 0);
INSERT INTO cartaoCliente VALUES (203526597, 0);
INSERT INTO cartaoCliente VALUES (233240900, 0);
INSERT INTO cartaoCliente VALUES (226097269, 0);
INSERT INTO cartaoCliente VALUES (214647285, 0);
INSERT INTO cartaoCliente VALUES (200371169, 0);
INSERT INTO cartaoCliente VALUES (214482723, 0);
INSERT INTO cartaoCliente VALUES (297080059, 0);
INSERT INTO cartaoCliente VALUES (159825202, 0);
INSERT INTO cartaoCliente VALUES (123749786, 0);
INSERT INTO cartaoCliente VALUES (102795886, 0);
INSERT INTO cartaoCliente VALUES (125544650, 0);
INSERT INTO cartaoCliente VALUES (176906800, 0);
INSERT INTO cartaoCliente VALUES (121934101, 0);
INSERT INTO cartaoCliente VALUES (140000453, 0);
INSERT INTO cartaoCliente VALUES (171316770, 0);
INSERT INTO cartaoCliente VALUES (194448029, 0);
INSERT INTO cartaoCliente VALUES (189397470, 0);
INSERT INTO cartaoCliente VALUES (147783437, 0);
INSERT INTO cartaoCliente VALUES (182627470, 0);
INSERT INTO cartaoCliente VALUES (134605608, 0);
INSERT INTO cartaoCliente VALUES (135835283, 0);
INSERT INTO cartaoCliente VALUES (179465104, 0);
INSERT INTO cartaoCliente VALUES (160044103, 0);
INSERT INTO cartaoCliente VALUES (185965598, 0);
INSERT INTO cartaoCliente VALUES (176965598, 0);
INSERT INTO cartaoCliente VALUES (105410071, 0);
INSERT INTO cartaoCliente VALUES (123456789, 0);
INSERT INTO cartaoCliente VALUES (234567890, 0);

INSERT INTO turno VALUES (1, '09:00', '18:00');
INSERT INTO turno VALUES (2, '11:30', '17:30');
INSERT INTO turno VALUES (3, '07:00', '15:00');
INSERT INTO turno VALUES (4, '10:00', '18:30');
INSERT INTO turno VALUES (5, '06:30', '14:30');

INSERT INTO funcionario VALUES (185233368, 1, 1100, 1);
INSERT INTO funcionario VALUES (279221177, 1, 700, 1);
INSERT INTO funcionario VALUES (203004140, 1, 700, 1);
INSERT INTO funcionario VALUES (203526597, 1, 700, 1);
INSERT INTO funcionario VALUES (230471277, 1, 635, 1);
INSERT INTO funcionario VALUES (193463989, 1, 635, 1);
INSERT INTO funcionario VALUES (226097269, 1, 635, 1);
INSERT INTO funcionario VALUES (214647285, 1, 635, 1);
INSERT INTO funcionario VALUES (200371169, 1, 635, 1);
INSERT INTO funcionario VALUES (214482723, 1, 635, 1);	
INSERT INTO funcionario VALUES (156378671, 1, 635, 1);
INSERT INTO funcionario VALUES (153772417, 1, 635, 1);
INSERT INTO funcionario VALUES (233240900, 1, 635, 5);
INSERT INTO funcionario VALUES (190587121, 2, 1200, 2);
INSERT INTO funcionario VALUES (270228934, 2, 700, 1);
INSERT INTO funcionario VALUES (285692224, 2, 700, 1);
INSERT INTO funcionario VALUES (297080059, 2, 700, 1);
INSERT INTO funcionario VALUES (131053280, 2, 635, 3);
INSERT INTO funcionario VALUES (161054161, 2, 635, 4);
INSERT INTO funcionario VALUES (159825202, 2, 635, 4);
INSERT INTO funcionario VALUES (123749786, 2, 635, 1);
INSERT INTO funcionario VALUES (148637884, 2, 635, 5);
INSERT INTO funcionario VALUES (178400360, 2, 635, 3);
INSERT INTO funcionario VALUES (102795886, 2, 635, 3);
INSERT INTO funcionario VALUES (188100768, 3, 1150, 4);
INSERT INTO funcionario VALUES (184389119, 3, 700, 1);
INSERT INTO funcionario VALUES (170683052, 3, 700, 1);
INSERT INTO funcionario VALUES (176906800, 3, 700, 1);
INSERT INTO funcionario VALUES (153416653, 3, 635, 3);
INSERT INTO funcionario VALUES (146220358, 3, 635, 2);
INSERT INTO funcionario VALUES (121934101, 3, 635, 2);
INSERT INTO funcionario VALUES (140000453, 3, 635, 2);
INSERT INTO funcionario VALUES (171316770, 3, 635, 2);
INSERT INTO funcionario VALUES (196754534, 3, 635, 5);
INSERT INTO funcionario VALUES (136092179, 3, 635, 5);
INSERT INTO funcionario VALUES (125544650, 3, 635, 5);

INSERT INTO gerente VALUES (185233368, 1);
INSERT INTO gerente VALUES (190587121, 2);
INSERT INTO gerente VALUES (188100768, 3);

INSERT INTO caixa VALUES (279221177, 1);
INSERT INTO caixa VALUES (203004140, 1);
INSERT INTO caixa VALUES (203526597, 1);
INSERT INTO caixa VALUES (270228934, 2);
INSERT INTO caixa VALUES (285692224, 2);
INSERT INTO caixa VALUES (297080059, 2);
INSERT INTO caixa VALUES (184389119, 3);
INSERT INTO caixa VALUES (170683052, 3);
INSERT INTO caixa VALUES (176906800, 3);

INSERT INTO repositor VALUES (230471277, 1);
INSERT INTO repositor VALUES (193463989, 1);
INSERT INTO repositor VALUES (226097269, 1);
INSERT INTO repositor VALUES (214647285, 1);
INSERT INTO repositor VALUES (200371169, 1);
INSERT INTO repositor VALUES (214482723, 1);
INSERT INTO repositor VALUES (131053280, 2);
INSERT INTO repositor VALUES (161054161, 2);
INSERT INTO repositor VALUES (159825202, 2);
INSERT INTO repositor VALUES (123749786, 2);
INSERT INTO repositor VALUES (153416653, 3);
INSERT INTO repositor VALUES (146220358, 3);
INSERT INTO repositor VALUES (121934101, 3);
INSERT INTO repositor VALUES (140000453, 3);
INSERT INTO repositor VALUES (171316770, 3);

INSERT INTO limpeza VALUES (156378671, 1);
INSERT INTO limpeza VALUES (153772417, 1);
INSERT INTO limpeza VALUES (233240900, 1);
INSERT INTO limpeza VALUES (148637884, 2);
INSERT INTO limpeza VALUES (178400360, 2);
INSERT INTO limpeza VALUES (102795886, 2);
INSERT INTO limpeza VALUES (196754534, 3);
INSERT INTO limpeza VALUES (136092179, 3);
INSERT INTO limpeza VALUES (125544650, 3);

INSERT INTO produto VALUES (1, 1, 'Pingo Doce', 'Iogurte', '29-03-2021', 0.40); 
INSERT INTO produto VALUES (2, 1, 'Pingo Doce', 'Iogurte', '29-03-2021', 0.40); 
INSERT INTO produto VALUES (3, 1, 'Pingo Doce', 'Iogurte', '29-03-2021', 0.40); 
INSERT INTO produto VALUES (4, 1, 'Pingo Doce', 'Iogurte', '29-03-2021', 0.40); 
INSERT INTO produto VALUES (5, 1, 'Continente', 'Iogurte', '14-07-2020', 0.60); 
INSERT INTO produto VALUES (6, 1, 'Continente', 'Iogurte', '14-07-2020', 0.60); 
INSERT INTO produto VALUES (7, 1, 'Continente', 'Iogurte', '14-07-2020', 0.60); 
INSERT INTO produto VALUES (8, 1, 'Continente', 'Iogurte', '14-07-2020', 0.60); 
INSERT INTO produto VALUES (10, 1, 'Nestlé', 'Cereais', '02-09-2020', 1.50); 
INSERT INTO produto VALUES (9, 1, 'Nestlé', 'Cereais', '02-09-2020', 1.50); 
INSERT INTO produto VALUES (11, 1, 'Nestlé', 'Cereais', '02-09-2020', 1.50); 
INSERT INTO produto VALUES (12, 1, 'Nestlé', 'Cereais', '02-09-2020', 1.50); 
INSERT INTO produto VALUES (13, 1, 'Nestlé', 'Cereais', '02-09-2020', 1.50);
INSERT INTO produto VALUES (14, 1, 'Luso', 'Água 1.5L', '01-07-2020', 0.40);
INSERT INTO produto VALUES (15, 1, 'Luso', 'Água 1.5L', '01-07-2020', 0.40);
INSERT INTO produto VALUES (16, 1, 'Luso', 'Água 1.5L', '01-07-2020', 0.40);
INSERT INTO produto VALUES (17, 1, 'Luso', 'Água 1.5L', '01-07-2020', 0.40);
INSERT INTO produto VALUES (18, 1, 'Quaker', 'Aveia integral', '05-08-2020', 1.99); 
INSERT INTO produto VALUES (19, 1, 'Quaker', 'Aveia integral', '05-08-2020', 1.99); 
INSERT INTO produto VALUES (20, 1, 'Quaker', 'Aveia integral', '05-08-2020', 1.99); 
INSERT INTO produto VALUES (21, 1, 'Quaker', 'Aveia integral', '05-08-2020', 1.99);
INSERT INTO produto VALUES (22, 1, 'Kilom', 'Bife de Frango 1Kg', '04-05-2020', 5.99); 
INSERT INTO produto VALUES (23, 1, 'Kilom', 'Bife de Frango 1Kg', '04-05-2020', 5.99); 
INSERT INTO produto VALUES (24, 1, 'Kilom', 'Bife de Frango 1Kg', '04-05-2020', 5.99); 
INSERT INTO produto VALUES (25, 1, 'Kilom', 'Bife de Frango 1Kg', '04-05-2020', 5.99);
INSERT INTO produto VALUES (26, 1, 'Dulce', 'Batata doce', '11-05-2020', 1.99); 
INSERT INTO produto VALUES (27, 1, 'Dulce', 'Batata doce', '11-05-2020', 1.99); 
INSERT INTO produto VALUES (28, 1, 'Dulce', 'Batata doce', '11-05-2020', 1.99); 
INSERT INTO produto VALUES (29, 1, 'Dulce', 'Batata doce', '11-05-2020', 1.99);
INSERT INTO produto VALUES (30, 1, 'Vitacress', 'Salada Ibérica', '05-05-2020', 1.99); 
INSERT INTO produto VALUES (31, 1, 'Vitacress', 'Salada Ibérica', '05-05-2020', 1.99); 
INSERT INTO produto VALUES (32, 1, 'Vitacress', 'Salada Ibérica', '05-05-2020', 1.99); 
INSERT INTO produto VALUES (33, 1, 'Vitacress', 'Salada Ibérica', '05-05-2020', 1.99);  
INSERT INTO produto VALUES (34, 1, 'Dulce', 'Ovos Classe M', '20-04-2020', 2.49); 
INSERT INTO produto VALUES (35, 1, 'Dulce', 'Ovos Classe M', '20-04-2020', 2.49); 
INSERT INTO produto VALUES (36, 1, 'Dulce', 'Ovos Classe M', '20-04-2020', 2.49); 
INSERT INTO produto VALUES (37, 1, 'Dulce', 'Ovos Classe M', '20-04-2020', 2.49); 
INSERT INTO produto VALUES (38, 1, 'Mimosa', 'Leite UHT Magro sem Lactose 1L', '14-04-2020', 0.99); 
INSERT INTO produto VALUES (39, 1, 'Mimosa', 'Leite UHT Magro sem Lactose 1L', '14-04-2020', 0.99); 
INSERT INTO produto VALUES (40, 1, 'Mimosa', 'Leite UHT Magro sem Lactose 1L', '14-04-2020', 0.99); 
INSERT INTO produto VALUES (41, 1, 'Mimosa', 'Leite UHT Magro sem Lactose 1L', '14-04-2020', 0.99);
INSERT INTO produto VALUES (42, 2, 'Matutano', 'Cajús no Forno', '12-05-2020', 2.99); 
INSERT INTO produto VALUES (43, 2, 'Matutano', 'Cajús no Forno', '12-05-2020', 2.99); 
INSERT INTO produto VALUES (44, 2, 'Matutano', 'Cajús no Forno', '12-05-2020', 2.99); 
INSERT INTO produto VALUES (45, 2, 'Matutano', 'Cajús no Forno', '12-05-2020', 2.99);
INSERT INTO produto VALUES (46, 2, 'Dulce', 'Miolo de Noz Pecan', '18-06-2020', 2.99); 
INSERT INTO produto VALUES (47, 2, 'Dulce', 'Miolo de Noz Pecan', '18-06-2020', 2.99); 
INSERT INTO produto VALUES (48, 2, 'Dulce', 'Miolo de Noz Pecan', '18-06-2020', 2.99); 
INSERT INTO produto VALUES (49, 2, 'Dulce', 'Miolo de Noz Pecan', '18-06-2020', 2.99);
INSERT INTO produto VALUES (50, 2, 'Autêntico', 'Sumo de Laranja sem Polpa', '06-05-2020', 0.79); 
INSERT INTO produto VALUES (51, 2, 'Autêntico', 'Sumo de Laranja sem Polpa', '06-05-2020', 0.79); 
INSERT INTO produto VALUES (52, 2, 'Autêntico', 'Sumo de Laranja sem Polpa', '06-05-2020', 0.79); 
INSERT INTO produto VALUES (53, 2, 'Autêntico', 'Sumo de Laranja sem Polpa', '06-05-2020', 0.79);   
INSERT INTO produto VALUES (54, 2, 'Buitoni', 'Pizza Forno Di Pietra 4 Queijos', '15-07-2020', 3.99); 
INSERT INTO produto VALUES (55, 2, 'Buitoni', 'Pizza Forno Di Pietra 4 Queijos', '15-07-2020', 3.99); 
INSERT INTO produto VALUES (56, 2, 'Buitoni', 'Pizza Forno Di Pietra 4 Queijos', '15-07-2020', 3.99); 
INSERT INTO produto VALUES (57, 2, 'Buitoni', 'Pizza Forno Di Pietra 4 Queijos', '15-07-2020', 3.99); 
INSERT INTO produto VALUES (58, 2, 'Iglo', 'Lombos de Salmão', '22-04-2020', 8.99); 
INSERT INTO produto VALUES (59, 2, 'Iglo', 'Lombos de Salmão', '22-04-2020', 8.99); 
INSERT INTO produto VALUES (60, 2, 'Iglo', 'Lombos de Salmão', '22-04-2020', 8.99); 
INSERT INTO produto VALUES (61, 2, 'Iglo', 'Lombos de Salmão', '22-04-2020', 8.99);
INSERT INTO produto VALUES (62, 2, 'Nobre', 'Fiambre de Peito de Peru Extra', '09-05-2020', 2.49); 
INSERT INTO produto VALUES (63, 2, 'Nobre', 'Fiambre de Peito de Peru Extra', '09-05-2020', 2.49); 
INSERT INTO produto VALUES (64, 2, 'Nobre', 'Fiambre de Peito de Peru Extra', '09-05-2020', 2.49); 
INSERT INTO produto VALUES (65, 2, 'Nobre', 'Fiambre de Peito de Peru Extra', '09-05-2020', 2.49);
INSERT INTO produto VALUES (66, 2, 'Limiano', 'Queijo Flamengo Fatias', '10-04-2020', 3.29); 
INSERT INTO produto VALUES (67, 2, 'Limiano', 'Queijo Flamengo Fatias', '10-04-2020', 3.29); 
INSERT INTO produto VALUES (68, 2, 'Limiano', 'Queijo Flamengo Fatias', '10-04-2020', 3.29); 
INSERT INTO produto VALUES (69, 2, 'Limiano', 'Queijo Flamengo Fatias', '10-04-2020', 3.29); 
INSERT INTO produto VALUES (70, 2, 'Dulce', 'Pão de Cereais', '01-06-2020', 1.95); 
INSERT INTO produto VALUES (71, 2, 'Dulce', 'Pão de Cereais', '01-06-2020', 1.95); 
INSERT INTO produto VALUES (72, 2, 'Dulce', 'Pão de Cereais', '01-06-2020', 1.95); 
INSERT INTO produto VALUES (73, 2, 'Dulce', 'Pão de Cereais', '01-06-2020', 1.95);
INSERT INTO produto VALUES (74, 2, 'Happyflora', 'Chá Preto', '25-08-2020', 2.99); 
INSERT INTO produto VALUES (75, 2, 'Happyflora', 'Chá Preto', '25-08-2020', 2.99); 
INSERT INTO produto VALUES (76, 2, 'Happyflora', 'Chá Preto', '25-08-2020', 2.99); 
INSERT INTO produto VALUES (77, 2, 'Happyflora', 'Chá Preto', '25-08-2020', 2.99);
INSERT INTO produto VALUES (78, 2, 'Tuc', 'Bolachas Cracker', '28-09-2020', 0.50); 
INSERT INTO produto VALUES (79, 2, 'Tuc', 'Bolachas Cracker', '28-09-2020', 0.50); 
INSERT INTO produto VALUES (80, 2, 'Tuc', 'Bolachas Cracker', '28-09-2020', 0.50); 
INSERT INTO produto VALUES (81, 2, 'Tuc', 'Bolachas Cracker', '28-09-2020', 0.50); 
INSERT INTO produto VALUES (82, 3, 'Dulce', 'Banana das Canárias', '07-07-2020', 1.89); 
INSERT INTO produto VALUES (83, 3, 'Dulce', 'Banana das Canárias', '07-07-2020', 1.89); 
INSERT INTO produto VALUES (84, 3, 'Dulce', 'Banana das Canárias', '07-07-2020', 1.89); 
INSERT INTO produto VALUES (85, 3, 'Dulce', 'Banana das Canárias', '07-07-2020', 1.89); 
INSERT INTO produto VALUES (86, 3, 'Persil', 'Detergente Máquina Roupa', '15-08-2021', 12.99); 
INSERT INTO produto VALUES (87, 3, 'Persil', 'Detergente Máquina Roupa', '15-08-2021', 12.99); 
INSERT INTO produto VALUES (88, 3, 'Persil', 'Detergente Máquina Roupa', '15-08-2021', 12.99); 
INSERT INTO produto VALUES (89, 3, 'Persil', 'Detergente Máquina Roupa', '15-08-2021', 12.99);
INSERT INTO produto VALUES (90, 3, 'Dulce', 'Mel Montanha', '08-08-2022', 4.99); 
INSERT INTO produto VALUES (91, 3, 'Dulce', 'Mel Montanha', '08-08-2022', 4.99); 
INSERT INTO produto VALUES (92, 3, 'Dulce', 'Mel Montanha', '08-08-2022', 4.99); 
INSERT INTO produto VALUES (93, 3, 'Dulce', 'Mel Montanha', '08-08-2022', 4.99);   
INSERT INTO produto VALUES (94, 3, 'Weetabix', 'Cereais Chocolate', '16-10-2021', 4.99); 
INSERT INTO produto VALUES (95, 3, 'Weetabix', 'Cereais Chocolate', '16-10-2021', 4.99); 
INSERT INTO produto VALUES (96, 3, 'Weetabix', 'Cereais Chocolate', '16-10-2021', 4.99); 
INSERT INTO produto VALUES (97, 3, 'Weetabix', 'Cereais Chocolate', '16-10-2021', 4.99); 
INSERT INTO produto VALUES (98, 3, 'Dulce', 'Morangos', '20-04-2020', 1.49); 
INSERT INTO produto VALUES (99, 3, 'Dulce', 'Morangos', '20-04-2020', 1.49); 
INSERT INTO produto VALUES (100, 3, 'Dulce', 'Morangos', '20-04-2020', 1.49); 
INSERT INTO produto VALUES (101, 3, 'Dulce', 'Morangos', '20-04-2020', 1.49); 
INSERT INTO produto VALUES (102, 3, 'Ruffles', 'Batata Frita Ondulada Original', '02-08-2021', 1.55); 
INSERT INTO produto VALUES (103, 3, 'Ruffler', 'Batata Frita Ondulada Original', '02-08-2021', 1.55); 
INSERT INTO produto VALUES (104, 3, 'Rufflers', 'Batata Frita Ondulada Original', '02-08-2021', 1.55); 
INSERT INTO produto VALUES (105, 3, 'Ruffles', 'Batata Frita Ondulada Original', '02-08-2021', 1.55); 
INSERT INTO produto VALUES (106, 3, 'Dulce', 'Iogurte Morango', '29-03-2021', 0.20); 
INSERT INTO produto VALUES (107, 3, 'Dulce', 'Iogurte Morango', '29-03-2021', 0.20); 
INSERT INTO produto VALUES (108, 3, 'Dulce', 'Iogurte Banana', '29-03-2021', 0.20); 
INSERT INTO produto VALUES (109, 3, 'Dulce', 'Iogurte Banana', '29-03-2021', 0.20); 
INSERT INTO produto VALUES (110, 3, 'Dulce', 'Iogurte Natural Açucarado', '14-07-2020', 0.20); 
INSERT INTO produto VALUES (111, 3, 'Dulce', 'Iogurte Natural Açucarado', '14-07-2020', 0.20); 
INSERT INTO produto VALUES (112, 3, 'Dulce', 'Iogurte Ananás', '14-07-2020', 0.20); 
INSERT INTO produto VALUES (113, 3, 'Dulce', 'Iogurte Frutos Silvestres', '14-07-2020', 0.20); 
INSERT INTO produto VALUES (114, 3, 'Chocapic', 'Cereais', '02-09-2020', 2.30); 
INSERT INTO produto VALUES (115, 3, 'Chocapic', 'Cereais', '02-09-2020', 2.30); 
INSERT INTO produto VALUES (116, 3, 'Chocapic', 'Cereais', '02-09-2020', 2.30); 
INSERT INTO produto VALUES (117, 3, 'Chocapic', 'Cereais', '02-09-2020', 2.30);
INSERT INTO produto VALUES (118, 3, 'Luso', 'Água', '01-07-2020', 0.80);
INSERT INTO produto VALUES (119, 3, 'Luso', 'Água', '01-07-2020', 0.80);
INSERT INTO produto VALUES (120, 3, 'Luso', 'Água', '01-07-2020', 0.80);
INSERT INTO produto VALUES (121, 3, 'Luso', 'Água', '01-07-2020', 0.80 );
INSERT INTO produto VALUES (122, 3, 'Buitoni', 'Pizza Forno Di Pietra 4 Queijos', '15-07-2020', 3.99); 
INSERT INTO produto VALUES (123, 3, 'Buitoni', 'Pizza Forno Di Pietra 4 Queijos', '15-07-2020', 3.99); 
INSERT INTO produto VALUES (124, 3, 'Buitoni', 'Pizza Forno Di Pietra 4 Queijos', '15-07-2020', 3.99); 
INSERT INTO produto VALUES (125, 3, 'Buitoni', 'Pizza Forno Di Pietra 4 Queijos', '15-07-2020', 3.99);
INSERT INTO produto VALUES (126, 3, 'Pingo Doce', 'Iogurte', '29-03-2021', 0.40); 
INSERT INTO produto VALUES (127, 3, 'Pingo Doce', 'Iogurte', '29-03-2021', 0.40); 
INSERT INTO produto VALUES (128, 3, 'Pingo Doce', 'Iogurte', '29-03-2021', 0.40); 
INSERT INTO produto VALUES (129, 3, 'Pingo Doce', 'Iogurte', '29-03-2021', 0.40); 

INSERT INTO promocao VALUES (1, 10, 'Promocao Especial');
INSERT INTO promocao VALUES (2, 15, 'Promocao da Tia Dulce');
INSERT INTO promocao VALUES (3, 23, 'Especial Sem IVA');
INSERT INTO promocao VALUES (4, 50, 'Promocao Tudo a Metade');
INSERT INTO promocao VALUES (5, 30, 'Poupa Mais');
INSERT INTO promocao VALUES (6, 20, 'Feira Pascoa 2020');


--INSERT INTO fatura VALUES (1, '29-03-2020', 106243420, 279221177, 1, 0);
--INSERT INTO fatura VALUES (2, '01-04-2020', 159850410, 270228934, 2, 0);
--INSERT INTO fatura VALUES (3, '27-03-2020', 230471277, 184389119, 3, 1);
--INSERT INTO fatura VALUES (4, '27-03-2020', 230471277, 184389119, 3, 2);

INSERT INTO fatura VALUES (1, '03-29-2020', 106243420, 279221177, 1, 0);
INSERT INTO fatura VALUES (2, '04-01-2020', 159850410, 270228934, 2, 0);
INSERT INTO fatura VALUES (3, '03-27-2020', 230471277, 184389119, 3, 0);
INSERT INTO fatura VALUES (4, '03-27-2020', 230471277, 184389119, 3, 0);
INSERT INTO fatura VALUES (5, '03-27-2020', 230471277, 184389119, 3, 10);
INSERT INTO fatura VALUES (6, '03-27-2020', 230471277, 184389119, 3, 10);


INSERT INTO produtoFatura VALUES (106, 5);
INSERT INTO produtoFatura VALUES (1, 1);
INSERT INTO produtoFatura VALUES (2, 1);
INSERT INTO produtoFatura VALUES (3, 1);
INSERT INTO produtoFatura VALUES (4, 1);
INSERT INTO produtoFatura VALUES (54, 2);
INSERT INTO produtoFatura VALUES (55, 2);
INSERT INTO produtoFatura VALUES (56, 2);
INSERT INTO produtoFatura VALUES (57, 2);
INSERT INTO produtoFatura VALUES (102, 3);
INSERT INTO produtoFatura VALUES (103, 3);
INSERT INTO produtoFatura VALUES (104, 3);
INSERT INTO produtoFatura VALUES (105, 3);

INSERT INTO produto VALUES (130, 2, 'Buitoni', 'Pizza Forno Di Pietra 4 Queijos', '15-07-2020', 3.99); 
INSERT INTO produto VALUES (131, 2, 'Pingo Doce', 'Iogurte', '29-03-2021', 0.40); 
INSERT INTO produtoFatura VALUES (130, 2);
INSERT INTO produtoFatura VALUES (131, 2);

INSERT INTO produtoFatura VALUES (122, 3);
INSERT INTO produtoFatura VALUES (123, 3);
INSERT INTO produtoFatura VALUES (124, 3);
INSERT INTO produtoFatura VALUES (125, 3);
INSERT INTO produtoFatura VALUES (126, 3);
INSERT INTO produtoFatura VALUES (127, 3);
INSERT INTO produtoFatura VALUES (128, 3);
INSERT INTO produtoFatura VALUES (129, 3);

INSERT INTO produtoArmazem VALUES (1, 1, 1);
INSERT INTO produtoArmazem VALUES (2, 1, 1);
INSERT INTO produtoArmazem VALUES (3, 1, 1);
INSERT INTO produtoArmazem VALUES (4, 1, 1);
INSERT INTO produtoArmazem VALUES (5, 1, 1);
INSERT INTO produtoArmazem VALUES (6, 1, 1);
INSERT INTO produtoArmazem VALUES (7, 1, 1);
INSERT INTO produtoArmazem VALUES (8, 1, 1);
INSERT INTO produtoArmazem VALUES (9, 1, 1);
INSERT INTO produtoArmazem VALUES (10, 1, 1);
INSERT INTO produtoArmazem VALUES (11, 1, 1);
INSERT INTO produtoArmazem VALUES (12, 1, 1);
INSERT INTO produtoArmazem VALUES (13, 1, 2);
INSERT INTO produtoArmazem VALUES (14, 1, 2);
INSERT INTO produtoArmazem VALUES (15, 1, 2);
INSERT INTO produtoArmazem VALUES (16, 1, 2);
INSERT INTO produtoArmazem VALUES (17, 1, 2);
INSERT INTO produtoArmazem VALUES (18, 1, 2);
INSERT INTO produtoArmazem VALUES (19, 1, 2);
INSERT INTO produtoArmazem VALUES (20, 1, 2);
INSERT INTO produtoArmazem VALUES (21, 1, 2);
INSERT INTO produtoArmazem VALUES (22, 1, 2);
INSERT INTO produtoArmazem VALUES (23, 1, 2);
INSERT INTO produtoArmazem VALUES (24, 1, 2);
INSERT INTO produtoArmazem VALUES (25, 1, 2);
INSERT INTO produtoArmazem VALUES (26, 1, 2);
INSERT INTO produtoArmazem VALUES (27, 1, 3);
INSERT INTO produtoArmazem VALUES (28, 1, 3);
INSERT INTO produtoArmazem VALUES (29, 1, 3);
INSERT INTO produtoArmazem VALUES (30, 1, 3);
INSERT INTO produtoArmazem VALUES (31, 1, 3);
INSERT INTO produtoArmazem VALUES (32, 1, 3);
INSERT INTO produtoArmazem VALUES (33, 1, 3);
INSERT INTO produtoArmazem VALUES (34, 1, 3);
INSERT INTO produtoArmazem VALUES (35, 1, 3);
INSERT INTO produtoArmazem VALUES (36, 1, 3);
INSERT INTO produtoArmazem VALUES (37, 1, 3);
INSERT INTO produtoArmazem VALUES (38, 1, 3);
INSERT INTO produtoArmazem VALUES (39, 1, 3);
INSERT INTO produtoArmazem VALUES (40, 1, 3);
INSERT INTO produtoArmazem VALUES (41, 1, 3);
INSERT INTO produtoArmazem VALUES (42, 2, 1);
INSERT INTO produtoArmazem VALUES (43, 2, 1);
INSERT INTO produtoArmazem VALUES (44, 2, 1);
INSERT INTO produtoArmazem VALUES (45, 2, 1);
INSERT INTO produtoArmazem VALUES (46, 2, 1);
INSERT INTO produtoArmazem VALUES (47, 2, 1);
INSERT INTO produtoArmazem VALUES (48, 2, 1);
INSERT INTO produtoArmazem VALUES (49, 2, 1);
INSERT INTO produtoArmazem VALUES (50, 2, 1);
INSERT INTO produtoArmazem VALUES (51, 2, 1);
INSERT INTO produtoArmazem VALUES (52, 2, 1);
INSERT INTO produtoArmazem VALUES (53, 2, 1);
INSERT INTO produtoArmazem VALUES (54, 2, 1);
INSERT INTO produtoArmazem VALUES (55, 2, 1);
INSERT INTO produtoArmazem VALUES (56, 2, 2);
INSERT INTO produtoArmazem VALUES (57, 2, 2);
INSERT INTO produtoArmazem VALUES (58, 2, 2);
INSERT INTO produtoArmazem VALUES (59, 2, 2);
INSERT INTO produtoArmazem VALUES (60, 2, 2);
INSERT INTO produtoArmazem VALUES (61, 2, 2);
INSERT INTO produtoArmazem VALUES (62, 2, 2);
INSERT INTO produtoArmazem VALUES (63, 2, 2);
INSERT INTO produtoArmazem VALUES (64, 2, 2);
INSERT INTO produtoArmazem VALUES (65, 2, 2);
INSERT INTO produtoArmazem VALUES (66, 2, 2);
INSERT INTO produtoArmazem VALUES (67, 2, 2);
INSERT INTO produtoArmazem VALUES (68, 2, 2);
INSERT INTO produtoArmazem VALUES (69, 2, 2);
INSERT INTO produtoArmazem VALUES (70, 2, 3);
INSERT INTO produtoArmazem VALUES (71, 2, 3);
INSERT INTO produtoArmazem VALUES (72, 2, 3);
INSERT INTO produtoArmazem VALUES (73, 2, 3);
INSERT INTO produtoArmazem VALUES (74, 2, 3);
INSERT INTO produtoArmazem VALUES (75, 2, 3);
INSERT INTO produtoArmazem VALUES (76, 2, 3);
INSERT INTO produtoArmazem VALUES (77, 2, 3);
INSERT INTO produtoArmazem VALUES (78, 2, 3);
INSERT INTO produtoArmazem VALUES (79, 2, 3);
INSERT INTO produtoArmazem VALUES (80, 2, 3);
INSERT INTO produtoArmazem VALUES (81, 2, 3);
INSERT INTO produtoArmazem VALUES (82, 3, 1);
INSERT INTO produtoArmazem VALUES (83, 3, 1);
INSERT INTO produtoArmazem VALUES (84, 3, 1);
INSERT INTO produtoArmazem VALUES (85, 3, 1);
INSERT INTO produtoArmazem VALUES (86, 3, 1);
INSERT INTO produtoArmazem VALUES (87, 3, 1);
INSERT INTO produtoArmazem VALUES (88, 3, 1);
INSERT INTO produtoArmazem VALUES (89, 3, 1);
INSERT INTO produtoArmazem VALUES (90, 3, 1);
INSERT INTO produtoArmazem VALUES (91, 3, 1);
INSERT INTO produtoArmazem VALUES (92, 3, 1);
INSERT INTO produtoArmazem VALUES (93, 3, 1);
INSERT INTO produtoArmazem VALUES (94, 3, 1);
INSERT INTO produtoArmazem VALUES (95, 3, 1);
INSERT INTO produtoArmazem VALUES (96, 3, 2);
INSERT INTO produtoArmazem VALUES (97, 3, 2);
INSERT INTO produtoArmazem VALUES (98, 3, 2);
INSERT INTO produtoArmazem VALUES (99, 3, 2);
INSERT INTO produtoArmazem VALUES (100, 3, 2);
INSERT INTO produtoArmazem VALUES (101, 3, 2);
INSERT INTO produtoArmazem VALUES (102, 3, 2);
INSERT INTO produtoArmazem VALUES (103, 3, 2);
INSERT INTO produtoArmazem VALUES (104, 3, 2);
INSERT INTO produtoArmazem VALUES (105, 3, 2);
INSERT INTO produtoArmazem VALUES (106, 3, 2);
INSERT INTO produtoArmazem VALUES (107, 3, 2);
INSERT INTO produtoArmazem VALUES (108, 3, 2);
INSERT INTO produtoArmazem VALUES (109, 3, 2);
INSERT INTO produtoArmazem VALUES (110, 3, 3);
INSERT INTO produtoArmazem VALUES (111, 3, 3);
INSERT INTO produtoArmazem VALUES (112, 3, 3);
INSERT INTO produtoArmazem VALUES (113, 3, 3);
INSERT INTO produtoArmazem VALUES (114, 3, 3);
INSERT INTO produtoArmazem VALUES (115, 3, 3);
INSERT INTO produtoArmazem VALUES (116, 3, 3);
INSERT INTO produtoArmazem VALUES (117, 3, 3);
INSERT INTO produtoArmazem VALUES (118, 3, 3);
INSERT INTO produtoArmazem VALUES (119, 3, 3);
INSERT INTO produtoArmazem VALUES (120, 3, 3);
INSERT INTO produtoArmazem VALUES (121, 3, 3);

INSERT INTO precosSupermercados VALUES (2, 194448029, 46, 1.50);
INSERT INTO precosSupermercados VALUES (2, 194448029, 47, 1.50);
INSERT INTO precosSupermercados VALUES (2, 194448029, 48, 1.50);
INSERT INTO precosSupermercados VALUES (2, 194448029, 49, 1.50);

INSERT into entrouPromocao VALUES (1,1,26);
INSERT into entrouPromocao VALUES (1,1,27);
INSERT into entrouPromocao VALUES (1,1,28);
INSERT into entrouPromocao VALUES (1,1,29);
INSERT into entrouPromocao VALUES (1,1,34);
INSERT into entrouPromocao VALUES (1,1,35);
INSERT into entrouPromocao VALUES (1,1,36);
INSERT into entrouPromocao VALUES (1,1,37);
INSERT into entrouPromocao VALUES (2,1,46);
INSERT into entrouPromocao VALUES (2,1,47);
INSERT into entrouPromocao VALUES (2,1,48);
INSERT into entrouPromocao VALUES (2,1,49);
INSERT into entrouPromocao VALUES (2,1,70);
INSERT into entrouPromocao VALUES (2,1,71);
INSERT into entrouPromocao VALUES (2,1,72);
INSERT into entrouPromocao VALUES (2,1,73);
INSERT into entrouPromocao VALUES (3,1,82);
INSERT into entrouPromocao VALUES (3,1,83);
INSERT into entrouPromocao VALUES (3,1,84);
INSERT into entrouPromocao VALUES (3,1,85);
INSERT into entrouPromocao VALUES (3,1,90);
INSERT into entrouPromocao VALUES (3,1,91);
INSERT into entrouPromocao VALUES (3,1,92);
INSERT into entrouPromocao VALUES (3,1,93);
INSERT into entrouPromocao VALUES (3,1,98);
INSERT into entrouPromocao VALUES (3,1,99);
INSERT into entrouPromocao VALUES (3,1,100);
INSERT into entrouPromocao VALUES (3,1,101);
INSERT into entrouPromocao VALUES (3,1,106);
INSERT into entrouPromocao VALUES (3,1,107);
INSERT into entrouPromocao VALUES (3,1,108);
INSERT into entrouPromocao VALUES (3,1,109);
INSERT into entrouPromocao VALUES (3,1,110);
INSERT into entrouPromocao VALUES (3,1,111);
INSERT into entrouPromocao VALUES (3,1,112);
INSERT into entrouPromocao VALUES (3,1,113);

INSERT into entrouPromocao VALUES (1,2,26);
INSERT into entrouPromocao VALUES (1,2,27);
INSERT into entrouPromocao VALUES (1,2,28);
INSERT into entrouPromocao VALUES (1,2,29);
INSERT into entrouPromocao VALUES (1,2,34);
INSERT into entrouPromocao VALUES (1,2,35);
INSERT into entrouPromocao VALUES (1,2,36);
INSERT into entrouPromocao VALUES (1,2,37);
INSERT into entrouPromocao VALUES (2,2,46);
INSERT into entrouPromocao VALUES (2,2,47);
INSERT into entrouPromocao VALUES (2,2,48);
INSERT into entrouPromocao VALUES (2,2,49);
INSERT into entrouPromocao VALUES (2,2,70);
INSERT into entrouPromocao VALUES (2,2,71);
INSERT into entrouPromocao VALUES (2,2,72);
INSERT into entrouPromocao VALUES (2,2,73);
INSERT into entrouPromocao VALUES (3,2,82);
INSERT into entrouPromocao VALUES (3,2,83);
INSERT into entrouPromocao VALUES (3,2,84);
INSERT into entrouPromocao VALUES (3,2,85);
INSERT into entrouPromocao VALUES (3,2,90);
INSERT into entrouPromocao VALUES (3,2,91);
INSERT into entrouPromocao VALUES (3,2,92);
INSERT into entrouPromocao VALUES (3,2,93);
INSERT into entrouPromocao VALUES (3,2,98);
INSERT into entrouPromocao VALUES (3,2,99);
INSERT into entrouPromocao VALUES (3,2,100);
INSERT into entrouPromocao VALUES (3,2,101);
INSERT into entrouPromocao VALUES (3,2,106);
INSERT into entrouPromocao VALUES (3,2,107);
INSERT into entrouPromocao VALUES (3,2,108);
INSERT into entrouPromocao VALUES (3,2,109);
INSERT into entrouPromocao VALUES (3,2,110);
INSERT into entrouPromocao VALUES (3,2,111);
INSERT into entrouPromocao VALUES (3,2,112);
INSERT into entrouPromocao VALUES (3,2,113);